{
  "created_at": "2026-07-14T14:59:32.271985+00:00",
  "benchmark": "gcp_cuda_sdxl_operator_benchmark",
  "checkpoint": "/mnt/comfyui-cache/fgcs_cuda/models/Juggernaut_X_RunDiffusion.safetensors",
  "device": {
    "platform": "Linux-6.8.0-1063-gcp-x86_64-with-glibc2.35",
    "torch": "2.5.1+cu121",
    "cuda": "12.1",
    "gpu": "NVIDIA L4",
    "driver_visible": true
  },
  "config": {
    "steps": 20,
    "samples_per_case": 5,
    "height": 768,
    "width": 768,
    "guidance_scale": 5.0
  },
  "summary": {
    "samples": 20,
    "mean_naive_seconds": 4.741070358749982,
    "median_naive_seconds": 4.740995328999929,
    "mean_semantic_local_seconds": 0.92628435915002,
    "median_semantic_local_seconds": 0.9571774660000756,
    "mean_cached_local_seconds": 0.9192492002499989,
    "median_cached_local_seconds": 0.9553927925001062,
    "mean_generation_only_speedup": 5.227216345089829,
    "median_generation_only_speedup": 4.951973838722144,
    "mean_cached_speedup": 5.277187175643263,
    "median_cached_speedup": 4.959415007150174
  },
  "rows": [
    {
      "case_key": "face_lips",
      "sample_index": 1,
      "seed": 50000,
      "crop_size": 384,
      "base_seconds": 4.649114072999964,
      "naive_seconds": 4.673796991000017,
      "semantic_local_seconds": 0.7742282280000836,
      "cached_local_seconds": 0.7044643519998317,
      "generation_only_speedup": 6.036717368304883,
      "cached_speedup": 6.634540098064655
    },
    {
      "case_key": "face_lips",
      "sample_index": 2,
      "seed": 50001,
      "crop_size": 384,
      "base_seconds": 4.704377443000112,
      "naive_seconds": 4.7348601730000155,
      "semantic_local_seconds": 0.7095250390000274,
      "cached_local_seconds": 0.7083694800001012,
      "generation_only_speedup": 6.673281297687695,
      "cached_speedup": 6.684167382535084
    },
    {
      "case_key": "face_lips",
      "sample_index": 3,
      "seed": 50002,
      "crop_size": 384,
      "base_seconds": 4.7695059859997855,
      "naive_seconds": 4.778970415999993,
      "semantic_local_seconds": 0.7107176960000743,
      "cached_local_seconds": 0.7032616540000163,
      "generation_only_speedup": 6.724147214704351,
      "cached_speedup": 6.795437215747699
    },
    {
      "case_key": "face_lips",
      "sample_index": 4,
      "seed": 50003,
      "crop_size": 384,
      "base_seconds": 4.7707891150000705,
      "naive_seconds": 4.771111480999934,
      "semantic_local_seconds": 0.7077838310001425,
      "cached_local_seconds": 0.707057825999982,
      "generation_only_speedup": 6.7409161837704845,
      "cached_speedup": 6.747837737673319
    },
    {
      "case_key": "face_lips",
      "sample_index": 5,
      "seed": 50004,
      "crop_size": 384,
      "base_seconds": 4.77066946900004,
      "naive_seconds": 4.745206994,
      "semantic_local_seconds": 0.7102798589999111,
      "cached_local_seconds": 0.7079181280000739,
      "generation_only_speedup": 6.680756794485699,
      "cached_speedup": 6.703044895043999
    },
    {
      "case_key": "human_body_shirt",
      "sample_index": 1,
      "seed": 51000,
      "crop_size": 512,
      "base_seconds": 4.784083638000084,
      "naive_seconds": 4.760049986000013,
      "semantic_local_seconds": 1.0114160450000327,
      "cached_local_seconds": 0.9550432710000223,
      "generation_only_speedup": 4.706322397722946,
      "cached_speedup": 4.9841197048755514
    },
    {
      "case_key": "human_body_shirt",
      "sample_index": 2,
      "seed": 51001,
      "crop_size": 512,
      "base_seconds": 4.739985210999976,
      "naive_seconds": 4.728563255999916,
      "semantic_local_seconds": 0.9542932170002132,
      "cached_local_seconds": 0.9582999980000295,
      "generation_only_speedup": 4.955042299120585,
      "cached_speedup": 4.93432460176189
    },
    {
      "case_key": "human_body_shirt",
      "sample_index": 3,
      "seed": 51002,
      "crop_size": 512,
      "base_seconds": 4.7258930539999255,
      "naive_seconds": 4.73435293700004,
      "semantic_local_seconds": 0.9579875019999236,
      "cached_local_seconds": 0.9548678749999908,
      "generation_only_speedup": 4.941977768098709,
      "cached_speedup": 4.958123590659163
    },
    {
      "case_key": "human_body_shirt",
      "sample_index": 4,
      "seed": 51003,
      "crop_size": 512,
      "base_seconds": 4.716959153000062,
      "naive_seconds": 4.7347769880000214,
      "semantic_local_seconds": 0.957464107000078,
      "cached_local_seconds": 0.9540122629998677,
      "generation_only_speedup": 4.945122175738788,
      "cached_speedup": 4.963014807704498
    },
    {
      "case_key": "human_body_shirt",
      "sample_index": 5,
      "seed": 51004,
      "crop_size": 512,
      "base_seconds": 4.7395860179999545,
      "naive_seconds": 4.745842121999885,
      "semantic_local_seconds": 0.958239433000017,
      "cached_local_seconds": 0.9567893680000452,
      "generation_only_speedup": 4.952668360914553,
      "cached_speedup": 4.9601743923221155
    },
    {
      "case_key": "object_mug",
      "sample_index": 1,
      "seed": 52000,
      "crop_size": 512,
      "base_seconds": 4.749406200000067,
      "naive_seconds": 4.757459203999815,
      "semantic_local_seconds": 1.0589335140000458,
      "cached_local_seconds": 1.059781067999893,
      "generation_only_speedup": 4.492689239788863,
      "cached_speedup": 4.489096236620351
    },
    {
      "case_key": "object_mug",
      "sample_index": 2,
      "seed": 52001,
      "crop_size": 512,
      "base_seconds": 4.741933650999954,
      "naive_seconds": 4.741365286000018,
      "semantic_local_seconds": 1.0628802049998285,
      "cached_local_seconds": 1.0562331099999938,
      "generation_only_speedup": 4.460865169655487,
      "cached_speedup": 4.488938323472975
    },
    {
      "case_key": "object_mug",
      "sample_index": 3,
      "seed": 52002,
      "crop_size": 512,
      "base_seconds": 4.7416657910000595,
      "naive_seconds": 4.749040091999859,
      "semantic_local_seconds": 1.0578086669997901,
      "cached_local_seconds": 1.060318228999904,
      "generation_only_speedup": 4.489507639854497,
      "cached_speedup": 4.478881869718651
    },
    {
      "case_key": "object_mug",
      "sample_index": 4,
      "seed": 52003,
      "crop_size": 512,
      "base_seconds": 4.733162173999972,
      "naive_seconds": 4.740036704999966,
      "semantic_local_seconds": 1.0577912349999679,
      "cached_local_seconds": 1.055602029000056,
      "generation_only_speedup": 4.481070128171472,
      "cached_speedup": 4.4903633895911295
    },
    {
      "case_key": "object_mug",
      "sample_index": 5,
      "seed": 52004,
      "crop_size": 512,
      "base_seconds": 4.746684792999986,
      "naive_seconds": 4.7335458940001445,
      "semantic_local_seconds": 1.0554312169999776,
      "cached_local_seconds": 1.0581326139999874,
      "generation_only_speedup": 4.484940200513555,
      "cached_speedup": 4.473490214148338
    },
    {
      "case_key": "landscape_sky",
      "sample_index": 1,
      "seed": 53000,
      "crop_size": 512,
      "base_seconds": 4.742979117999994,
      "naive_seconds": 4.7413561009998375,
      "semantic_local_seconds": 0.9536560410001584,
      "cached_local_seconds": 0.9533801939999194,
      "generation_only_speedup": 4.971767489699203,
      "cached_speedup": 4.973205999914279
    },
    {
      "case_key": "landscape_sky",
      "sample_index": 2,
      "seed": 53001,
      "crop_size": 512,
      "base_seconds": 4.733099412999991,
      "naive_seconds": 4.740634557000021,
      "semantic_local_seconds": 0.9556037490001472,
      "cached_local_seconds": 0.9553181940000286,
      "generation_only_speedup": 4.960878985625757,
      "cached_speedup": 4.9623618463189025
    },
    {
      "case_key": "landscape_sky",
      "sample_index": 3,
      "seed": 53002,
      "crop_size": 512,
      "base_seconds": 4.737421155999982,
      "naive_seconds": 4.742421372000081,